{"cameraMode":{"drawMode":0,"name":"Shaded","section":"Shading Mode"},"sceneLighting":false,"audioPlay":false,"sceneViewState":{"showFog":true,"showMaterialUpdate":false,"showSkybox":false,"showFlares":true,"showImageEffects":true,"showParticleSystems":true},"in2DMode":false,"pivot":{"x":-201.6000213623047,"y":120.43289184570313,"z":204.90994262695313},"rotation":{"x":0.10934615880250931,"y":0.649735689163208,"z":-0.09520906955003739,"w":0.746208131313324},"size":897.9337768554688,"orthographic":true}