{"cameraMode":{"drawMode":0,"name":"Shaded","section":"Shading Mode"},"sceneLighting":false,"audioPlay":false,"sceneViewState":{"showFog":true,"showMaterialUpdate":false,"showSkybox":false,"showFlares":true,"showImageEffects":true,"showParticleSystems":true},"in2DMode":false,"pivot":{"x":-295.510009765625,"y":1.2900097370147706,"z":275.875},"rotation":{"x":0.2515307068824768,"y":0.38106393814086916,"z":-0.10854612290859223,"w":0.883030354976654},"size":487.81011962890627,"orthographic":false}