{"cameraMode":{"drawMode":0,"name":"Shaded","section":"Shading Mode"},"sceneLighting":true,"audioPlay":false,"sceneViewState":{"showFog":true,"showMaterialUpdate":false,"showSkybox":true,"showFlares":true,"showImageEffects":true,"showParticleSystems":true},"in2DMode":false,"pivot":{"x":1490.715087890625,"y":-1127.7421875,"z":420.9088439941406},"rotation":{"x":-0.2587030827999115,"y":-0.6565744280815125,"z":0.25730887055397036,"w":-0.6601344347000122},"size":2578.33349609375,"orthographic":false}