{"cameraMode":{"drawMode":0,"name":"Shaded","section":"Shading Mode"},"sceneLighting":true,"audioPlay":false,"sceneViewState":{"showFog":true,"showMaterialUpdate":false,"showSkybox":true,"showFlares":true,"showImageEffects":true,"showParticleSystems":true},"in2DMode":false,"pivot":{"x":-235.6561737060547,"y":17.337203979492189,"z":-25.85464096069336},"rotation":{"x":0.2515307068824768,"y":0.38106393814086916,"z":-0.10854612290859223,"w":0.883030354976654},"size":76.32337951660156,"orthographic":false}